Date,Temp ,SKU-1,SKU-2,SKU-3,SKU-4,SKU-5,SKU-6,SKU-7,SKU-403,SKU-8,SKU-234,SKU-9,SKU-10,SKU-13,SKU-17,SKU-20,SKU-352,SKU-21,SKU-22,SKU-23,SKU-24,SKU-25,SKU-26,SKU-27,SKU-28,SKU-29,SKU-30,SKU-31,SKU-32,SKU-33,SKU-237,SKU-34,SKU-239,SKU-240,SKU-36,SKU-37,SKU-39,SKU-40,SKU-41,SKU-44,SKU-45,SKU-47,SKU-50,SKU-51,SKU-53,SKU-56,SKU-57,SKU-59,SKU-62,SKU-66,SKU-67,SKU-244,SKU-69,SKU-70,SKU-71,SKU-72,SKU-73,SKU-328,SKU-76,SKU-77,SKU-78,SKU-79,SKU-248,SKU-404,SKU-80,SKU-81,SKU-82,SKU-84,SKU-86,SKU-250,SKU-87,SKU-359,SKU-88,SKU-251,SKU-361,SKU-89,SKU-97,SKU-329,SKU-330,SKU-332,SKU-257,SKU-258,SKU-259,SKU-260,SKU-261,SKU-262,SKU-263,SKU-264,SKU-265,SKU-267,SKU-268,SKU-269,SKU-270,SKU-271,SKU-272,SKU-275,SKU-276,SKU-278,SKU-405,SKU-106,SKU-107,SKU-108,SKU-109,SKU-110,SKU-111,SKU-112,SKU-113,SKU-114,SKU-115,SKU-116,SKU-117,SKU-118,SKU-119,SKU-120,SKU-287,SKU-337,SKU-121,SKU-288,SKU-123,SKU-289,SKU-406,SKU-407,SKU-124,SKU-338,SKU-408,SKU-339,SKU-340,SKU-125,SKU-126,SKU-127,SKU-342,SKU-291,SKU-343,SKU-292,SKU-409,SKU-132,SKU-133,SKU-134,SKU-344,SKU-410,SKU-138,SKU-139,SKU-140,SKU-141,SKU-345,SKU-411,SKU-412,SKU-144,SKU-146,SKU-386,SKU-147,SKU-293,SKU-148,SKU-149,SKU-387,SKU-150,SKU-151,SKU-152,SKU-413,SKU-389,SKU-157,SKU-158,SKU-161,SKU-162,SKU-163,SKU-164,SKU-165,SKU-166,SKU-167,SKU-297,SKU-172,SKU-178,SKU-179,SKU-182,SKU-185,SKU-186,SKU-392,SKU-187,SKU-189,SKU-190,SKU-194,SKU-195,SKU-196,SKU-198,SKU-199,SKU-306,SKU-312,SKU-315,SKU-316,SKU-319,SKU-321,SKU-322,SKU-399,SKU-205,SKU-206,SKU-208,SKU-210,SKU-211,SKU-214,SKU-216,SKU-217,SKU-414,SKU-219,SKU-220,SKU-221,SKU-224,SKU-225,SKU-226,SKU-230,SKU-231,SKU-232,SKU-233,SKU-415
01-04-2018,28,23,20,22,80,277,12,174,6,324,18,19,5,14,11,4,10,7,19,1,6,19,6,3,5,5,7,69,1689,13,412,257,8,3,5,699,270,85,10,15,5,192,36,291,948,16,15,5,12,3,6,16,1065,154,190,108,19,91,12,11,845,166,1839,350,195,252,292,4,20,55,13,15,407,435,7,213,29,1370,2572,560,142,724,19,10,20,6,16,6787,2,15,4014,35,11,91,18,374,13,69,281,217,20,7,5,12,7,21,247,35,7,9,16,2,14,724,632,320,898,15,535,279,1177,305,554,13,120,8,2,985,221,540,171,271,703,69,18,1141,1647,403,1,7,229,67,943,1001,649,333,112,224,5,674,435,362,1300,2476,419,491,528,21,725,3,17,10,4,6,13,6,15,5,60,41,2,20,6,2,67,19,9,20,17,19,19,18,11,1,1,3,16,12,19,18,18,19,20,9,15,6,10,14,336,1141,166,109,56,785,177,36,102,36,150,68,70,444,13
01-05-2018,30,20,18,25,62,357,12,142,6,408,180,151,5,214,411,4,10,7,19,1,6,19,6,3,5,5,7,367,449,13,792,231,8,3,5,439,172,165,10,15,5,140,50,111,762,16,15,5,12,3,6,16,2433,186,294,10,19,119,12,11,469,118,999,290,463,104,240,4,20,79,13,105,689,189,9,13,77,786,952,98,58,316,19,10,20,6,16,5029,2,55,3210,17,179,76,18,546,189,12,153,223,20,327,5,12,107,9,289,15,51,9,16,2,14,852,840,437,622,15,827,67,125,138,762,13,18,124,2,3497,398,243,375,496,1078,270,114,829,1887,499,1,7,337,40,1367,809,985,293,43,302,5,434,607,370,853,2994,264,635,1010,52,13,3,17,10,4,6,13,6,15,5,54,45,2,20,6,58,139,70,9,20,17,19,19,18,11,1,1,3,16,12,19,18,18,19,20,9,15,6,10,14,324,724,226,127,144,625,161,60,130,23,128,180,110,372,29
01-06-2018,31,11,19,7,80,357,12,96,6,516,198,61,5,14,11,4,10,7,19,1,6,19,6,3,5,5,7,189,761,13,380,35,8,3,5,459,142,5,10,15,5,140,22,203,486,16,15,5,12,3,6,16,1489,210,310,94,19,215,12,11,693,92,1063,176,191,132,312,4,44,39,13,53,95,201,55,41,9,664,886,92,60,4412,19,10,20,6,536,4273,2,15,1770,17,83,22,18,646,241,12,97,427,20,231,29,12,39,22,267,15,43,9,16,2,14,804,200,14,358,15,1089,199,901,197,535,13,18,36,2,5823,11,390,205,313,892,349,144,851,1691,541,1,7,265,75,1203,949,1029,451,163,296,1725,202,379,298,937,3000,214,243,204,46,605,3,17,10,22,6,13,6,15,5,54,51,2,20,6,110,373,63,9,20,17,19,19,18,11,1,1,3,16,12,19,18,18,19,20,9,15,6,10,14,480,2020,390,337,64,1065,245,90,106,31,6,76,58,243,79
01-07-2018,30,23,18,7,60,229,12,120,6,300,78,1,5,64,171,4,10,7,19,1,6,19,6,3,5,5,7,187,489,13,160,83,8,3,5,291,88,181,10,15,5,66,16,79,186,16,15,5,12,3,6,16,809,134,166,22,19,155,12,11,333,42,455,68,131,12,40,4,116,115,13,77,165,99,39,97,17,212,694,146,54,1388,19,10,20,6,184,3151,2,15,1935,68,59,15,18,122,125,12,121,175,20,119,17,12,91,5,239,15,27,13,16,2,14,708,376,8,286,23,739,155,77,171,221,13,18,80,2,2319,113,255,95,1,952,132,32,527,1523,437,1,7,241,63,1363,425,261,303,137,170,229,138,387,226,367,2744,144,139,122,33,77,3,17,10,40,6,13,6,15,5,24,13,2,20,6,10,31,23,9,20,17,19,19,18,11,1,1,3,16,12,19,18,18,19,20,9,15,6,10,14,18,673,54,109,16,481,229,96,10,23,114,44,46,66,5
01-08-2018,30,53,9,7,6,221,12,72,6,260,120,97,5,14,11,4,10,7,19,1,6,19,6,3,5,5,7,157,777,13,304,87,8,3,5,443,120,157,10,15,5,58,32,79,156,16,15,5,12,3,6,16,817,94,70,42,19,151,12,11,333,40,463,74,111,136,184,4,60,75,13,41,185,27,7,37,41,426,580,74,76,1292,19,10,20,6,128,3271,2,95,2058,65,67,27,18,286,149,12,65,169,20,151,73,12,49,7,169,25,23,9,16,2,14,532,696,8,10,151,320,119,209,43,155,13,42,28,2,1221,59,75,53,1,361,157,44,683,1979,485,1,7,1,24,819,1417,581,275,64,2,525,138,219,162,574,1820,122,19,102,33,85,3,17,10,16,6,13,6,15,5,24,13,2,20,6,10,43,31,9,20,17,19,19,18,11,1,1,3,16,12,19,18,18,19,20,9,15,6,10,14,36,355,38,37,32,297,145,24,38,23,54,44,14,48,7
01-09-2018,30,5,13,7,122,117,12,92,6,300,120,55,5,254,323,4,10,7,19,1,6,19,6,3,5,5,7,119,529,13,184,45,8,3,5,75,64,53,10,15,5,44,20,19,132,16,15,5,12,3,6,16,345,54,166,10,19,111,12,11,109,36,327,44,147,124,120,4,52,47,13,29,123,57,47,61,41,262,472,242,28,764,19,10,20,6,16,2989,2,15,1878,17,11,19,18,42,113,36,57,43,20,7,5,12,51,5,207,15,7,9,16,2,14,452,360,233,310,15,288,69,261,51,131,13,60,32,2,905,77,129,29,7,172,150,56,683,1715,521,1,7,265,91,451,881,581,331,154,140,237,130,147,234,472,1608,160,75,110,47,53,3,17,10,4,6,13,6,15,5,30,5,2,20,6,18,67,23,9,20,17,19,19,18,11,1,1,3,16,12,19,18,18,19,20,9,15,6,10,14,30,97,22,43,40,1353,249,96,134,55,12,36,22,18,17
01-10-2018,28,5,8,7,62,97,12,42,6,140,84,19,5,66,171,4,10,7,19,1,6,19,6,3,5,5,7,100,233,13,62,21,8,3,5,115,59,21,10,15,5,60,16,79,132,16,15,5,12,3,6,16,349,78,118,14,19,95,12,11,157,16,223,56,49,16,88,4,92,71,13,37,107,57,7,45,27,141,268,92,24,2092,19,10,20,6,216,1279,2,139,867,41,43,19,18,138,127,60,37,88,20,103,13,12,47,5,199,21,55,9,16,2,14,276,136,32,382,15,44,17,5,13,18,13,18,8,2,423,17,9,11,1,22,17,24,395,1015,367,1,7,181,3,868,595,425,267,35,38,213,2,167,116,151,732,78,43,192,15,45,3,21,12,10,6,13,6,15,5,18,17,2,20,6,18,13,26,9,20,17,19,19,18,11,1,1,3,16,12,19,18,18,19,20,9,15,6,10,14,18,28,10,28,16,181,29,42,66,36,18,20,22,42,6
01-11-2018,25,5,10,7,34,45,12,122,6,232,24,55,5,64,131,4,10,7,19,1,6,19,6,3,5,5,7,78,329,13,86,47,8,3,5,147,87,93,10,15,5,30,16,11,132,16,15,5,12,3,6,16,677,110,158,40,19,123,12,35,269,52,431,140,125,48,208,4,52,47,13,31,227,195,23,141,111,231,370,20,10,716,19,10,20,6,352,2617,2,103,1608,47,63,30,18,216,79,41,89,148,20,119,19,12,81,8,303,15,15,9,16,2,14,372,360,110,622,63,374,121,213,88,146,13,18,16,2,1215,389,207,83,97,82,83,24,661,1383,535,1,7,25,27,1015,971,685,307,142,92,205,458,231,152,481,1728,98,147,386,61,13,3,33,12,4,6,13,6,15,11,18,5,2,20,6,2,13,21,9,20,17,19,19,18,11,1,1,3,16,12,19,18,18,19,20,9,15,6,10,14,18,1,6,13,32,193,37,24,22,11,4,12,14,18,3
01-12-2018,20,11,8,7,6,85,12,44,6,140,186,31,5,62,51,4,10,7,19,1,6,19,6,3,5,5,7,99,153,13,172,37,8,3,5,115,62,41,10,15,5,36,12,59,180,16,15,5,12,3,6,16,305,70,22,26,19,91,12,23,125,18,239,128,87,36,24,4,44,27,13,51,153,21,31,101,21,112,328,2,10,4144,19,10,20,6,88,1711,2,167,660,17,11,7,18,174,85,16,65,43,20,103,9,12,23,5,121,15,7,9,16,2,14,484,616,254,370,15,337,71,313,88,213,13,192,16,2,3355,95,423,77,37,316,164,136,635,1523,413,1,7,361,62,1047,705,405,275,43,68,77,106,335,170,295,1856,64,67,274,39,213,3,17,10,4,6,13,6,17,5,18,5,2,20,6,18,25,39,9,20,17,19,19,18,11,1,1,3,16,12,19,18,18,19,20,9,15,6,10,14,18,64,6,115,56,353,181,96,54,23,38,12,14,126,22
01-01-2019,19,5,8,7,32,77,12,72,6,132,60,67,5,14,11,4,10,7,19,1,6,19,6,3,5,5,7,73,289,13,76,25,8,3,5,27,40,89,10,15,5,76,10,63,168,16,15,5,12,3,6,16,465,98,166,34,19,39,12,11,77,28,199,26,115,36,64,4,44,87,13,29,139,69,23,37,9,110,592,74,18,2724,19,10,20,6,224,2293,2,15,1632,17,11,29,18,154,45,14,17,79,20,39,17,12,61,5,185,19,55,9,16,2,14,212,72,140,94,39,135,47,165,53,81,13,36,16,2,3705,53,165,9,61,112,42,70,479,923,257,1,7,205,31,663,649,805,391,71,8,221,82,251,30,265,452,116,243,152,19,53,3,41,10,10,6,13,6,15,17,18,21,2,20,6,14,43,19,9,20,17,19,19,18,11,1,1,3,16,12,19,18,18,19,20,9,15,6,10,14,288,880,206,43,56,641,173,42,58,35,40,28,34,30,10
01-02-2019,22,11,18,7,10,13,12,88,6,380,72,43,5,58,91,4,10,7,19,1,6,19,6,3,5,5,7,183,521,13,116,49,8,3,5,131,110,69,10,15,5,50,18,23,78,16,15,5,12,3,6,16,881,54,62,10,19,131,12,77,813,72,807,212,239,44,192,4,68,103,13,59,245,291,7,81,49,184,718,86,64,716,19,10,20,6,200,2617,2,59,1344,29,59,182,18,374,157,30,81,121,20,15,27,12,51,11,177,15,31,9,16,2,98,228,216,86,286,15,191,47,149,42,75,13,108,28,2,1553,35,51,17,19,16,68,34,683,2179,471,1,7,205,47,851,705,501,227,82,74,29,218,297,78,139,786,86,83,120,35,293,3,101,14,28,6,13,6,15,17,24,25,2,20,6,10,43,59,9,20,17,35,19,18,11,1,17,3,16,12,19,18,18,19,20,9,15,6,10,14,48,109,14,79,40,169,37,42,22,15,28,28,62,96,3
01-03-2019,26,29,11,7,28,381,12,376,6,996,414,67,65,140,171,4,10,7,19,1,6,19,6,3,5,5,67,477,993,13,850,138,8,1165,5,459,234,345,10,15,5,178,10,99,1026,16,15,5,12,3,6,16,2061,350,350,162,19,295,12,209,721,74,847,470,603,12,368,4,220,239,13,183,417,501,23,213,69,449,910,182,64,700,19,10,20,6,384,10333,23,59,3717,110,83,26,18,782,421,32,45,667,20,463,5,12,165,5,591,15,19,9,16,2,20,900,808,458,1150,91,735,117,301,119,351,13,24,24,2,2383,275,99,125,91,568,206,18,899,2459,663,1,7,433,75,1847,1609,1013,267,63,284,1109,474,1347,366,847,2192,166,379,190,41,533,3,161,10,10,6,13,6,31,59,24,49,2,20,6,2,151,87,9,20,17,83,19,18,11,1,113,3,16,12,19,18,18,19,20,9,315,6,10,214,51,1195,118,259,104,897,157,42,78,15,94,12,22,408,74
01-04-2019,29,35,12,16,94,413,12,436,6,712,546,301,25,340,51,4,10,7,19,1,6,19,6,3,5,5,123,313,1361,13,666,163,8,967,5,691,290,205,10,15,5,206,10,343,540,16,15,5,12,3,6,16,1977,198,670,90,19,391,12,311,1061,102,167,308,523,12,96,4,20,259,13,113,433,411,7,13,65,690,1198,224,68,204,19,10,20,6,632,9697,6,319,6882,92,95,47,18,666,425,26,17,613,20,7,5,12,51,11,291,17,7,9,16,2,14,980,600,506,1294,23,801,247,385,147,659,13,18,8,2,2063,11,111,9,181,412,254,18,671,1571,771,1,7,313,87,1331,1013,821,163,47,272,1189,2,2097,314,727,3472,20,619,514,85,373,3,265,10,16,6,13,6,43,101,54,49,2,20,6,58,121,93,9,20,17,139,47,18,123,1,113,3,16,12,19,18,18,19,20,9,415,6,10,242,18,1033,154,133,128,753,225,96,102,67,106,12,142,246,55
01-05-2019,30,11,8,13,126,477,26,328,6,472,48,259,25,144,899,4,10,7,19,1,6,55,6,3,5,5,79,243,961,13,520,129,26,61,5,275,140,305,10,15,5,84,60,203,558,16,15,5,12,3,6,16,2681,330,62,116,19,307,12,194,1293,66,2495,278,491,260,728,4,20,195,13,79,475,243,79,49,53,338,358,296,36,832,19,10,20,6,16,14059,26,279,5310,23,99,92,18,622,397,34,17,445,22,7,61,12,75,7,497,19,79,9,16,2,458,1268,1144,410,982,463,571,233,521,169,261,13,18,90,2,3615,11,9,209,1,778,352,62,851,2279,353,1,7,505,119,1087,1561,549,563,146,362,1973,98,549,226,1051,4260,116,323,234,111,237,3,185,18,4,6,13,6,27,5,24,93,2,20,6,38,211,81,9,20,17,123,35,18,187,1,225,3,16,12,19,18,18,19,20,9,275,6,10,186,78,1276,174,199,120,825,149,24,110,23,74,12,86,180,27
01-06-2019,31,17,8,7,48,289,14,212,6,620,276,127,5,192,531,4,10,7,19,1,6,111,6,3,5,5,29,209,473,13,348,49,14,311,5,427,92,257,10,15,5,126,10,99,366,16,15,5,12,3,6,16,1601,298,182,28,19,107,12,11,397,70,879,134,131,64,16,4,20,155,13,33,261,147,7,117,33,254,376,128,38,396,19,10,20,6,1296,9073,5,103,2274,17,111,35,18,362,85,12,161,457,62,271,9,12,73,12,521,15,43,39,16,2,242,1176,1080,8,526,127,1027,159,701,79,357,13,18,8,2,4513,11,171,169,1,1420,158,58,827,2123,689,1,7,241,71,1323,1705,965,411,59,152,989,210,463,274,757,2632,18,307,306,11,245,3,157,20,10,6,13,6,19,38,48,59,2,20,6,96,103,39,9,20,17,155,19,18,219,1,221,3,16,12,19,18,18,19,20,9,217,6,10,198,312,2677,42,373,72,473,135,6,122,52,48,284,70,84,28
01-07-2019,30,11,10,7,14,181,16,40,6,288,60,103,5,90,75,4,10,7,19,1,6,53,6,3,5,5,25,87,253,13,268,95,8,65,5,159,68,147,10,15,29,51,10,43,144,16,15,5,12,3,6,16,913,74,102,10,19,99,12,14,317,20,327,23,275,12,108,4,20,39,13,39,119,123,7,53,11,66,70,104,30,196,19,10,20,6,368,5503,299,83,1770,17,19,39,768,280,201,32,17,226,20,191,13,12,51,5,351,15,23,9,16,14,56,404,456,416,346,133,505,109,5,13,74,13,18,8,2,6439,95,147,105,1,1132,250,18,469,1071,331,1,7,241,73,931,633,201,247,40,56,585,102,287,208,352,920,108,315,166,37,53,3,49,10,34,6,13,6,17,11,24,5,2,20,6,10,37,19,9,20,17,59,33,18,99,1,257,3,16,12,19,18,18,19,20,9,266,6,10,56,30,625,86,13,48,625,141,168,74,23,16,108,14,36,15
01-08-2019,30,8,10,7,116,245,24,408,6,540,192,79,5,238,443,4,10,7,19,1,6,67,6,3,5,5,61,67,113,13,220,23,8,31,5,283,90,41,10,15,5,39,28,15,108,16,15,5,12,3,6,16,1461,154,134,56,19,127,12,11,373,36,383,20,171,96,80,4,52,47,13,23,109,141,47,37,21,164,124,86,10,292,19,10,20,6,552,6025,2,99,1746,47,11,29,18,230,81,12,317,190,20,63,81,12,85,5,183,15,83,9,16,2,74,164,1288,320,382,79,337,35,29,13,97,13,18,8,2,2291,11,9,9,187,388,94,78,695,1187,393,1,7,313,63,831,713,485,291,51,134,569,90,877,26,169,2096,84,611,54,11,117,3,33,10,64,6,13,6,15,29,48,37,2,20,6,38,49,31,9,20,17,59,33,18,155,1,345,3,16,12,19,18,18,19,20,9,429,6,10,315,36,337,30,121,64,465,45,96,98,155,12,92,14,42,11
01-09-2019,29,5,14,7,10,105,16,84,6,244,60,151,5,112,75,4,10,7,19,1,6,35,6,3,5,5,24,36,377,13,166,30,8,59,5,131,74,197,10,15,17,72,28,59,228,16,15,5,12,3,6,16,817,150,126,42,19,111,12,11,93,30,231,56,47,48,120,4,36,39,13,41,117,87,7,13,29,170,298,56,44,492,19,10,20,6,104,3565,2,15,1920,83,107,38,18,106,41,14,17,163,22,199,5,12,57,5,121,19,23,9,16,8,26,804,8,119,247,67,259,83,5,15,37,13,18,8,2,1121,23,15,65,73,352,94,22,419,1547,409,1,7,169,35,1083,933,533,147,55,200,125,186,585,250,385,1676,18,259,352,61,37,3,81,10,4,6,13,6,23,17,30,17,2,20,6,10,13,37,9,20,17,43,33,18,83,1,121,3,16,12,19,18,18,19,20,9,329,6,10,177,18,169,30,19,32,353,213,96,58,46,42,20,30,24,7
01-10-2019,28,8,8,7,16,21,12,136,6,276,36,37,5,24,43,4,10,7,19,1,6,35,6,3,5,5,37,109,297,13,268,41,8,3,5,115,22,133,10,15,5,42,28,11,180,16,15,5,12,3,6,16,457,118,70,26,19,127,12,41,29,16,183,38,195,12,264,4,34,55,13,31,89,45,23,13,9,45,154,50,10,4,19,10,20,6,456,1669,11,59,1530,41,39,29,642,118,69,28,837,85,20,183,37,12,49,5,97,15,7,9,16,8,14,116,248,65,82,15,83,23,53,13,21,13,18,16,2,707,11,9,9,1,16,32,22,923,1259,273,1,7,205,35,798,657,269,163,163,8,161,162,223,54,133,920,36,259,98,15,13,3,57,10,4,6,13,6,17,17,18,29,2,20,6,2,19,31,9,20,17,35,33,18,115,1,121,3,16,12,19,18,18,19,20,9,363,6,10,98,18,1,6,19,48,273,13,150,114,35,4,12,14,138,15
01-11-2019,25,5,8,7,20,93,12,60,6,236,102,25,5,84,51,4,10,7,19,1,6,19,6,3,5,5,62,51,97,13,124,43,8,3,5,111,66,79,10,15,5,70,10,27,126,16,15,5,12,3,6,16,1281,242,142,28,43,55,12,98,253,54,735,44,85,12,104,4,60,15,13,19,64,9,31,53,19,42,52,44,10,4,19,10,20,6,784,5437,29,87,3108,83,119,48,45,62,83,26,889,154,28,291,25,12,63,5,169,37,23,9,16,2,14,212,104,8,286,15,168,39,93,41,81,13,18,26,2,6515,35,177,69,1,133,38,22,625,1719,531,1,7,157,48,919,1493,397,259,103,2,185,458,99,14,1,992,36,259,62,12,13,3,53,10,16,6,13,6,15,8,21,5,2,20,6,2,13,20,9,20,17,19,19,18,11,1,5,3,16,12,19,18,18,19,20,9,483,6,10,84,18,1,22,13,16,193,5,78,90,23,8,12,14,18,3
01-12-2019,20,5,8,10,28,137,12,106,6,232,156,91,5,162,307,4,10,7,19,1,6,21,6,3,5,5,53,113,257,13,170,31,8,3,5,35,31,91,10,15,5,52,14,71,117,16,15,5,12,3,6,16,709,106,54,30,77,63,12,11,125,32,183,68,133,12,88,4,48,75,13,23,103,93,7,25,17,78,148,8,10,1588,19,10,20,6,672,6229,8,295,3357,86,91,23,750,82,49,18,37,94,20,47,45,12,115,5,129,15,51,9,16,2,14,536,328,164,214,119,387,105,253,13,98,13,18,8,362,5715,53,183,107,1,238,128,40,839,2267,553,1,7,358,39,1349,849,581,475,23,152,173,82,211,150,373,1532,68,195,202,36,53,3,81,14,4,6,13,6,15,5,30,5,2,20,6,10,25,31,9,20,17,19,25,18,99,1,137,3,16,12,19,18,18,19,20,9,391,6,10,130,18,1,6,13,72,481,101,168,58,31,4,20,14,18,7
01-01-2020,19,5,8,7,18,13,12,308,66,564,108,133,9,156,299,4,10,7,19,1,6,59,6,3,5,5,97,39,145,13,116,27,8,3,5,131,40,57,10,15,5,64,18,59,180,16,15,5,30,3,42,142,913,142,46,28,39,75,12,23,197,26,887,77,155,52,232,4,84,119,13,57,159,99,39,45,33,72,94,74,26,1708,19,10,20,6,992,6871,2,239,3114,83,55,32,60,98,57,16,117,115,20,191,5,12,59,5,181,15,19,9,46,2,14,20,168,164,466,87,201,79,109,81,85,13,18,8,218,2837,11,51,13,79,112,74,78,383,971,281,1,7,157,15,743,409,405,267,3,80,113,2,375,58,217,1332,130,147,670,11,133,3,41,20,10,6,13,6,15,17,42,5,2,20,6,62,31,47,9,20,17,99,39,18,91,33,321,3,16,12,19,30,34,51,20,9,543,6,10,162,66,5365,62,61,56,305,61,60,74,27,28,28,14,108,9
01-02-2020,21,5,8,7,20,137,12,148,30,460,78,115,5,74,211,4,10,7,19,1,6,35,6,3,5,5,75,77,297,13,196,35,8,87,5,187,46,45,10,15,5,52,34,319,336,16,15,5,42,3,12,16,1001,230,150,30,47,139,12,83,533,38,415,98,239,12,152,4,68,67,13,56,235,213,13,45,47,80,274,62,48,3284,19,10,20,6,544,5329,29,271,2616,71,95,21,249,154,121,14,153,445,30,319,15,12,55,5,199,15,47,9,16,8,236,1172,1288,365,994,159,327,9,309,85,507,13,18,28,42,2095,11,333,145,43,382,148,44,935,2475,497,1,7,229,63,951,1361,849,379,35,146,245,82,659,158,301,1552,44,403,654,41,69,3,81,10,52,6,13,6,15,17,72,29,2,20,6,18,61,84,9,20,29,99,49,58,235,19,465,3,16,12,19,18,42,27,20,69,1253,6,10,124,78,2017,6,19,40,481,203,204,194,47,10,84,14,18,7
01-03-2020,26,11,15,7,176,253,14,392,42,772,336,151,5,168,59,4,10,7,19,1,6,59,6,3,5,5,131,153,217,13,328,39,170,113,5,515,158,225,10,15,5,130,42,253,570,16,39,5,24,3,6,46,2533,36,22,96,63,139,12,11,341,16,879,143,95,20,40,4,20,7,13,55,349,333,7,13,9,96,148,122,10,740,19,10,20,6,1160,8875,35,323,3582,74,11,21,69,60,71,12,29,229,36,303,9,12,133,5,447,15,103,9,16,2,170,324,328,92,394,15,557,47,13,13,499,13,18,80,182,1705,11,21,295,1,886,138,18,551,1955,341,1,7,133,19,931,803,581,219,23,182,221,90,55,266,1,2128,46,259,1018,11,205,3,25,10,16,6,13,6,19,11,54,29,2,20,6,38,43,69,9,20,17,35,35,18,203,1,105,3,16,12,19,18,98,91,20,9,549,6,34,132,60,2437,6,31,32,161,205,24,90,23,14,12,14,30,21
01-04-2020,28,5,8,7,6,13,12,16,6,20,18,1,5,14,11,4,10,7,19,1,6,19,6,3,5,5,7,9,17,13,12,15,8,3,5,11,14,5,10,15,5,14,10,7,6,16,15,5,12,3,6,16,17,14,14,10,19,7,12,11,5,16,7,20,15,12,16,4,20,7,13,15,11,9,7,13,9,14,4,2,10,4,19,10,20,6,16,13,2,15,6,17,11,7,18,14,13,12,17,13,20,7,5,12,7,5,3,15,7,9,16,2,14,4,8,8,10,15,15,9,5,13,9,13,18,8,2,13,11,9,9,1,16,14,18,11,11,17,1,7,1,3,19,9,5,3,3,2,5,2,11,14,1,8,18,19,6,11,13,3,17,10,4,6,13,6,15,5,18,5,2,20,6,2,13,19,9,20,17,19,19,18,11,1,1,3,16,12,19,18,18,19,20,9,15,6,10,14,18,1,6,13,16,1,5,6,10,11,4,12,14,18,3
01-05-2020,29,20,15,7,6,193,16,372,6,1048,156,175,5,498,571,4,10,7,19,1,6,99,6,3,5,5,59,163,249,13,380,73,56,115,125,403,122,133,166,45,5,78,10,25,393,104,123,5,102,3,6,238,2497,534,62,48,147,135,12,152,125,32,1759,50,467,12,152,4,20,199,13,39,369,9,39,53,9,152,88,32,56,376,139,90,20,6,1424,19303,19,667,4548,134,63,45,30,162,193,22,17,472,20,511,13,12,103,7,323,35,47,9,16,2,332,724,940,428,538,415,969,39,9,14,911,13,18,36,3846,11379,14,333,181,1,1267,521,52,599,1027,473,1,7,373,75,1597,1295,613,231,99,104,1409,458,655,150,601,3404,54,387,508,81,277,3,725,20,31,6,13,6,23,29,84,67,2,20,6,202,247,105,9,20,37,387,123,134,867,37,1073,33,16,12,19,144,18,19,20,69,1347,6,58,277,105,4384,306,184,208,1305,45,96,186,39,124,84,50,60,44
01-06-2020,30,5,12,13,104,293,22,348,6,496,150,145,5,174,147,4,64,23,19,1,134,35,6,3,5,47,87,156,489,13,344,84,8,123,301,359,102,225,208,99,5,72,24,167,216,272,153,13,168,3,6,16,3417,290,70,54,151,207,12,83,333,48,975,344,283,112,304,8,20,147,13,35,257,57,15,53,53,269,202,74,26,124,475,154,20,6,496,10429,20,427,4605,125,203,39,45,294,165,13,17,391,24,335,11,12,85,5,313,15,87,9,16,2,206,2388,840,308,586,15,1157,155,5,13,493,13,18,8,2002,7557,11,459,195,55,925,14,30,767,1787,377,1,7,1,43,1249,9,37,3,143,2,593,170,323,214,847,2806,70,315,658,72,13,3,121,14,76,6,13,6,15,5,45,49,2,20,6,118,160,127,9,20,53,83,25,30,315,25,401,103,16,12,19,126,42,131,20,297,603,6,10,210,498,4549,6,13,64,929,327,348,234,71,33,20,14,54,43
01-07-2020,30,5,8,7,10,29,22,112,6,300,84,55,5,114,211,92,22,87,39,1,126,19,6,43,41,21,41,57,169,21,244,23,8,63,5,75,100,61,130,21,5,58,28,135,210,216,87,5,66,27,6,94,1073,314,46,10,35,79,12,89,125,40,299,146,147,12,16,8,60,75,13,39,113,9,31,53,17,26,82,74,10,12,235,122,20,42,480,3859,14,131,1134,26,71,8,30,42,41,12,17,91,36,39,47,12,11,5,97,15,31,9,16,2,14,408,8,8,226,15,113,35,5,19,35,13,18,8,2,1127,11,57,9,1,127,38,32,275,515,185,1,7,1,3,476,321,37,243,107,2,173,10,175,66,199,668,24,187,138,51,165,3,105,10,64,6,13,6,17,35,42,9,2,20,6,106,43,75,9,20,17,147,71,90,163,1,241,3,16,12,19,84,50,91,20,129,767,6,46,132,42,25,6,31,120,289,109,78,82,31,24,12,14,18,5
01-08-2020,30,5,9,7,12,73,28,248,72,612,114,121,5,186,443,84,100,87,63,25,94,19,60,31,59,29,67,79,185,61,20,41,38,81,133,243,84,81,10,27,65,56,24,27,216,144,51,5,42,179,6,106,2801,274,110,90,87,79,12,11,237,36,247,128,207,92,232,32,20,107,13,41,211,75,7,13,41,98,118,56,32,364,151,90,20,50,1032,6283,17,211,2976,71,43,33,114,254,77,22,2461,343,36,231,5,12,89,5,235,15,31,9,22,2,50,20,1080,38,373,59,415,79,5,23,129,13,36,8,2,4485,11,165,39,1,397,161,40,731,1787,557,1,7,73,3,1647,1449,485,283,55,2,473,170,307,122,769,1760,42,179,416,29,13,3,145,16,34,6,13,6,15,11,30,5,2,20,6,54,127,81,9,20,17,35,41,30,123,1,161,3,16,12,19,84,50,107,20,9,393,6,46,138,54,1261,6,49,88,1281,213,150,170,15,44,12,14,18,25
01-09-2020,30,5,15,10,16,101,32,252,6,532,162,217,5,216,291,12,10,7,47,7,74,39,60,3,35,19,55,65,181,55,12,61,28,19,61,259,132,119,10,15,5,134,10,107,432,108,75,5,30,3,6,154,1909,352,70,64,75,131,12,53,157,16,443,110,239,12,144,4,20,211,13,15,213,105,7,13,17,72,70,14,10,252,119,98,28,30,568,6097,20,651,2553,83,79,37,75,208,83,12,17,307,24,355,13,12,39,5,163,19,7,9,16,2,86,4,508,482,274,67,192,46,9,13,33,13,18,20,2,2733,11,165,63,1,331,82,22,739,1503,501,1,7,109,76,1335,633,373,187,99,194,265,58,165,184,640,1944,38,227,324,104,165,3,65,10,4,6,13,6,15,5,48,17,2,20,6,10,31,51,9,20,17,59,35,54,315,1,153,3,16,12,19,48,42,51,22,201,579,6,64,136,30,13,6,13,16,513,301,147,98,63,16,12,14,18,15
01-10-2020,29,203,9,7,36,181,12,216,6,438,246,79,27,18,35,28,28,31,23,1,14,63,102,31,11,23,69,122,201,29,256,53,28,15,85,155,62,125,142,15,5,38,14,15,240,224,15,5,30,35,6,58,1789,214,254,76,61,79,12,47,1101,44,639,260,147,80,264,28,60,67,13,15,143,81,7,53,25,24,70,32,34,252,79,30,216,6,1272,5095,2,135,2160,131,139,25,48,84,13,12,237,181,22,319,19,12,59,5,211,15,51,9,16,2,20,196,152,188,433,15,89,25,5,13,57,13,18,40,2,3441,11,33,9,1,70,14,22,935,1775,297,1,7,421,35,1280,1303,773,3,158,56,5,42,147,134,493,1432,22,163,270,203,145,3,41,24,31,6,13,6,23,20,57,29,2,20,6,42,85,60,9,20,17,67,35,18,263,9,241,3,16,12,19,93,34,67,40,237,140,6,112,88,69,73,6,19,120,977,141,6,162,39,42,12,14,18,3
01-11-2020,25,89,8,7,6,13,12,72,6,188,84,85,13,94,91,4,10,15,23,7,46,67,6,7,11,7,49,65,177,17,196,15,16,21,37,75,52,41,40,33,5,46,10,31,150,120,45,5,24,115,24,40,953,14,38,58,29,35,12,35,189,16,239,80,111,68,72,4,28,71,13,15,71,39,15,61,61,58,64,2,10,36,39,34,336,22,848,4861,2,235,1908,47,23,18,36,198,101,20,467,115,26,111,45,12,55,5,77,17,79,9,16,2,50,164,456,188,70,51,269,95,101,43,151,13,24,24,2,12051,41,117,9,1,439,119,36,517,1451,305,1,7,373,65,1079,817,405,147,3,86,5,2,215,82,13,704,18,43,42,32,13,3,41,10,4,6,13,6,15,47,18,5,2,20,6,54,25,33,9,20,25,19,55,26,99,13,417,3,16,12,19,18,18,19,40,87,215,24,10,116,18,829,6,13,48,305,69,186,16,47,4,12,14,18,3
01-12-2020,20,5,8,7,22,17,12,360,198,784,306,163,77,548,115,20,46,143,71,43,142,31,18,43,47,27,51,151,185,61,240,35,84,119,13,203,90,145,70,33,53,50,22,27,360,256,225,5,24,371,78,118,2377,334,78,86,119,163,12,65,365,56,783,50,223,64,104,4,60,183,13,45,221,15,39,13,29,90,64,2,32,92,575,270,1128,78,1024,13945,2,907,5898,59,127,14,108,246,125,16,1767,409,56,367,5,12,43,5,141,35,87,9,16,2,176,484,520,167,514,123,583,105,85,61,491,13,90,8,390,10169,11,435,135,97,925,209,86,1361,2483,825,113,207,385,53,1935,2081,1173,99,59,164,557,122,435,262,571,2512,38,411,848,82,477,3,17,10,46,6,13,6,29,5,18,13,2,20,6,42,73,51,9,20,17,19,29,58,123,1,145,3,16,12,19,42,18,19,112,465,985,106,58,520,18,742,6,13,72,561,157,42,34,31,4,60,14,18,3
01-01-2021,21,11,8,7,14,17,12,136,42,176,36,55,15,208,67,4,10,63,23,31,30,27,66,7,41,25,35,45,89,53,64,23,28,3,125,51,38,37,112,15,17,24,26,55,150,40,39,17,36,99,102,88,1225,306,62,30,27,67,12,65,197,32,559,38,103,88,128,24,44,79,13,41,103,39,15,21,33,48,40,38,10,324,95,42,628,34,904,10495,14,259,3822,20,11,15,30,254,59,24,17,115,20,55,13,12,19,5,179,19,27,9,16,2,83,788,632,224,340,15,519,123,101,43,725,153,132,12,14,3819,131,162,135,157,823,110,24,1163,2027,695,49,279,22,39,1547,1217,597,271,155,74,65,114,543,330,661,2048,66,379,1732,15,181,3,97,12,16,6,13,6,21,35,30,5,2,20,6,58,73,69,9,20,17,91,49,18,179,5,241,3,16,12,19,54,42,67,44,159,355,58,22,172,60,2965,6,61,112,801,189,186,154,31,26,100,38,66,3
01-02-2021,23,11,10,13,70,189,20,212,36,876,198,196,57,134,467,60,70,119,31,133,150,71,6,71,77,29,115,102,245,127,304,25,76,63,141,267,118,117,166,81,77,54,40,91,228,352,51,11,54,363,306,88,3033,346,310,58,85,223,12,149,245,44,215,152,307,32,168,24,60,75,13,55,369,117,95,93,41,64,1174,116,122,1372,251,122,1020,60,1288,11641,32,411,3864,71,39,33,87,182,17,44,25,283,40,407,21,12,137,5,415,15,23,9,22,2,14,196,696,308,934,115,327,57,221,69,425,313,162,36,2,5451,179,237,141,169,457,98,38,1007,3131,713,417,359,253,35,1295,921,437,163,3,236,341,162,211,66,721,1524,40,419,756,33,325,3,217,18,28,6,13,6,29,80,102,53,2,52,6,146,187,119,9,20,17,139,49,60,451,5,489,3,16,12,19,93,154,115,28,309,491,322,226,120,102,1585,22,49,152,641,133,96,26,23,40,100,22,24,3
01-03-2021,30,5,14,7,44,309,54,836,78,916,288,391,121,178,643,240,88,207,119,37,198,63,156,73,95,89,208,113,185,105,208,51,82,39,117,331,288,85,370,141,77,146,30,263,408,304,99,49,186,467,420,76,3877,570,310,70,21,91,1512,101,5,40,567,284,591,132,20,452,92,67,73,15,341,393,7,237,49,60,202,254,10,388,435,210,420,152,1032,16483,101,563,5454,146,119,41,126,334,271,46,21,715,30,703,25,12,117,6,803,29,67,31,19,2,128,804,8,794,1354,63,543,277,93,47,449,149,78,88,2,5295,179,657,89,121,745,494,94,1439,3379,629,97,7,184,47,1259,1941,1317,163,99,350,893,338,895,402,865,3110,94,603,1172,343,445,39,233,30,64,6,13,6,21,59,54,25,2,164,6,186,37,117,13,20,25,227,33,18,503,81,881,23,16,12,19,114,194,155,48,201,931,76,136,276,138,1009,6,217,80,625,205,6,10,13,158,108,46,102,31
01-04-2021,31,5,15,7,30,169,30,488,126,412,18,121,173,220,539,8,82,103,59,31,190,19,36,43,77,33,84,54,409,93,172,17,46,43,125,515,126,21,112,75,5,82,30,55,114,352,87,5,108,923,156,16,3193,550,254,72,31,15,549,11,1637,16,1191,374,415,56,96,228,20,7,616,15,319,165,7,93,57,34,34,2,32,148,19,102,788,6,416,9199,2,583,3903,68,91,24,105,122,45,42,1623,451,42,435,25,16,139,8,423,23,27,9,16,2,44,4,8,248,550,75,329,79,5,15,165,97,18,20,2,2245,161,165,149,1,628,164,18,959,1307,377,229,167,1,31,1081,881,805,91,35,20,5,282,579,242,637,2408,38,371,566,107,13,23,257,22,46,22,29,12,31,65,48,73,2,36,10,24,211,75,17,20,89,259,47,66,315,65,957,29,16,54,49,174,26,227,136,141,311,134,70,170,48,193,46,49,88,609,109,96,146,27,116,28,14,54,23
01-05-2021,30,5,8,7,58,37,32,452,6,996,102,49,35,14,11,4,10,127,27,13,6,19,24,35,5,17,13,14,89,37,64,15,24,7,205,203,92,17,310,33,5,20,10,7,6,176,15,5,12,1227,432,16,2801,60,14,210,45,39,276,11,21,16,79,20,87,20,16,132,20,7,13,15,310,9,7,13,9,94,34,2,22,52,535,22,388,14,1152,4669,2,15,2223,17,11,11,69,34,49,12,1747,151,20,7,5,12,7,5,107,15,7,9,16,2,14,4,8,158,370,15,379,33,5,13,137,65,18,8,2,2873,101,231,69,1,49,122,18,347,779,149,145,39,1,7,479,1089,245,59,3,2,5,218,87,38,175,1000,18,107,314,25,69,27,17,10,4,54,21,36,15,5,48,5,2,44,14,70,13,20,25,20,29,75,27,34,259,1,305,3,16,84,49,18,114,51,98,45,347,210,124,116,54,289,22,97,88,513,157,6,66,11,30,44,14,42,3
